transaction_id,transaction_timestamp,customer_id,customer_name,age,gender,city,account_type,customer_segment,annual_income,credit_score,has_loan,transaction_type,direction,channel,merchant_category,amount,status,failure_reason,balance_after,is_fraud
TXN10000001,2025-10-01 16:06:39,CUST2033,Isha Patel,33,Female,Pune,Savings,Mass,480000,829,No,UPI Payment,Debit,UPI,Dining,760.94,Success,,205332.47,0
TXN10000002,2025-10-02 14:03:22,CUST2047,Neha Iyer,25,Female,Pune,Salary,Mass,550000,707,No,Cash Withdrawal,Debit,Branch,Not Applicable,5500.0,Success,,137995.78,0
TXN10000003,2025-10-02 18:39:51,CUST2059,Vikram Reddy,26,Male,Bengaluru,Salary,Affluent,630000,712,Yes,Bill Payment,Debit,UPI,Utilities,1817.57,Success,,247482.77,0
TXN10000004,2025-10-02 18:58:05,CUST2069,Amit Sharma,50,Male,Bengaluru,Salary,Affluent,1660000,741,No,UPI Payment,Debit,UPI,Fuel,356.31,Success,,316302.98,0
TXN10000005,2025-10-03 06:23:46,CUST2069,Amit Sharma,50,Male,Bengaluru,Salary,Affluent,1660000,741,No,Salary Credit,Credit,Direct Credit,Not Applicable,105610.42,Failed,Technical Error,316302.98,0
TXN10000006,2025-10-04 10:50:45,CUST2026,Ananya Joshi,30,Female,Pune,Current,Affluent,600000,657,No,Deposit,Credit,Branch,Not Applicable,22868.55,Success,,96476.88,0
TXN10000007,2025-10-04 20:55:42,CUST2065,Fatima Joshi,40,Female,Chennai,Salary,Mass,530000,831,No,Fund Transfer,Debit,Mobile Banking,Not Applicable,2557.46,Success,,28393.64,0
TXN10000008,2025-10-05 13:25:30,CUST2042,Meera Nair,36,Female,Delhi,Premium Savings,Premium,2110000,694,Yes,UPI Payment,Debit,UPI,Dining,743.16,Success,,404182.44,0
TXN10000009,2025-10-10 21:31:47,CUST2062,Aarav Iyer,40,Male,Delhi,Savings,Mass,340000,749,Yes,UPI Payment,Debit,UPI,Shopping,1341.99,Success,,136901.42,0
TXN10000010,2025-10-11 16:14:00,CUST2063,Ravi Khan,30,Male,Lucknow,Current,Affluent,1280000,764,Yes,UPI Payment,Debit,UPI,Groceries,420.97,Success,,445644.74,0
TXN10000011,2025-10-15 10:46:17,CUST2006,Sai Mehta,60,Male,Chennai,Salary,Mass,460000,636,Yes,Cash Withdrawal,Debit,Branch,Not Applicable,2000.0,Success,,87868.52,0
TXN10000012,2025-10-17 11:20:04,CUST2078,Sunita Naidu,60,Female,Mumbai,Savings,Affluent,960000,694,Yes,Fund Transfer,Debit,Net Banking,Not Applicable,5203.23,Success,,276810.53,0
TXN10000013,2025-10-18 11:31:33,CUST2075,Nikhil Kulkarni,42,Male,Delhi,Savings,Affluent,690000,604,No,Cash Withdrawal,Debit,ATM,Not Applicable,15000.0,Success,,118826.05,0
TXN10000014,2025-10-19 11:42:26,CUST2017,Priya Reddy,48,Female,Bengaluru,Salary,Affluent,600000,671,No,UPI Payment,Debit,UPI,Groceries,177.27,Success,,223435.92,0
TXN10000015,2025-10-21 09:46:32,CUST2035,Manish Sharma,38,Male,Chennai,Current,Affluent,1370000,642,Yes,UPI Payment,Debit,UPI,Dining,811.94,Success,,579778.04,0
TXN10000016,2025-10-22 10:29:06,CUST2052,Rohan Naidu,45,Male,Delhi,Savings,Mass,250000,593,Yes,Fund Transfer,Debit,Net Banking,Not Applicable,9502.45,Success,,46849.87,0
TXN10000017,2025-10-22 22:57:08,CUST2022,Deepak Verma,48,Male,Kolkata,Savings,Mass,300000,710,Yes,Cash Withdrawal,Debit,ATM,Not Applicable,9000.0,Success,,132676.07,0
TXN10000018,2025-10-26 12:00:11,CUST2020,Priya Iyer,36,Female,Ahmedabad,Savings,Mass,480000,634,Yes,UPI Payment,Debit,UPI,Education,776.21,Success,,220508.44,0
TXN10000019,2025-10-28 17:48:35,CUST2071,Sneha Singh,49,Female,Bengaluru,Savings,Affluent,1000000,655,Yes,Bill Payment,Debit,Mobile Banking,Utilities,2699.71,Success,,258478.72,0
TXN10000020,2025-11-01 10:52:05,CUST2075,Nikhil Kulkarni,42,Male,Delhi,Savings,Affluent,690000,604,No,Cash Withdrawal,Debit,Branch,Not Applicable,6500.0,Success,,112326.05,0
TXN10000021,2025-11-01 20:53:03,CUST2027,Manish Joshi,47,Male,Mumbai,Savings,Mass,300000,719,No,Card Purchase,Debit,Online Card,Groceries,1779.58,Success,,101948.35,0
TXN10000022,2025-11-02 03:48:14,CUST2058,Rekha Nair,37,Female,Bengaluru,Salary,Affluent,630000,850,Yes,Fund Transfer,Debit,Net Banking,Not Applicable,251715.61,Failed,Insufficient Funds,118256.71,1
TXN10000023,2025-11-02 18:15:12,CUST2038,Sneha Reddy,24,Female,Mumbai,Salary,Affluent,770000,809,No,Bill Payment,Debit,Mobile Banking,Utilities,1092.34,Success,,57079.98,0
TXN10000024,2025-11-03 16:59:25,CUST2060,Imran Menon,40,Male,Pune,Salary,Mass,480000,624,Yes,Card Purchase,Debit,Online Card,Groceries,3480.89,Success,,115045.33,0
TXN10000025,2025-11-06 09:19:48,CUST2014,Anil Naidu,31,Male,Delhi,Savings,Affluent,680000,580,Yes,UPI Payment,Debit,UPI,Travel,253.14,Success,,94494.33,0
TXN10000026,2025-11-06 10:20:39,CUST2057,Karthik Kulkarni,33,Male,Kolkata,Current,Affluent,1630000,587,No,UPI Payment,Debit,UPI,Healthcare,2226.96,Success,,355525.65,0
TXN10000027,2025-11-08 17:44:49,CUST2004,Swathi Joshi,32,Female,Bengaluru,Salary,Mass,280000,663,Yes,UPI Payment,Debit,UPI,Shopping,479.15,Success,,60082.43,0
TXN10000028,2025-11-09 12:40:36,CUST2060,Imran Menon,40,Male,Pune,Salary,Mass,480000,624,Yes,Cash Withdrawal,Debit,ATM,Not Applicable,5500.0,Success,,109545.33,0
TXN10000029,2025-11-09 14:09:23,CUST2011,Isha Rao,37,Female,Hyderabad,Salary,Affluent,1160000,629,Yes,Deposit,Credit,ATM,Not Applicable,27207.42,Success,,149357.1,0
TXN10000030,2025-11-10 10:25:57,CUST2023,Shreya Naidu,24,Female,Chennai,Salary,Affluent,1500000,754,No,UPI Payment,Debit,UPI,Shopping,2054.95,Success,,720992.92,0
TXN10000031,2025-11-10 15:03:42,CUST2081,Lakshmi Khan,59,Female,Pune,Savings,Affluent,1200000,593,No,Fund Transfer,Debit,Branch,Not Applicable,5468.19,Success,,222432.1,0
TXN10000032,2025-11-11 00:05:23,CUST2024,Ananya Sharma,26,Female,Kolkata,Savings,Affluent,1020000,778,Yes,Loan EMI,Debit,Auto Debit,Not Applicable,14300.0,Success,,432729.44,0
TXN10000033,2025-11-12 11:01:04,CUST2057,Karthik Kulkarni,33,Male,Kolkata,Current,Affluent,1630000,587,No,Deposit,Credit,ATM,Not Applicable,26644.48,Success,,382170.13,0
TXN10000034,2025-11-12 17:49:15,CUST2077,Anjali Kulkarni,35,Female,Bengaluru,Salary,Mass,540000,608,No,Card Purchase,Debit,Online Card,Shopping,7704.02,Success,,59618.31,0
TXN10000035,2025-11-13 12:10:12,CUST2085,Deepak Khan,35,Male,Pune,Salary,Mass,350000,738,Yes,Cash Withdrawal,Debit,ATM,Not Applicable,2000.0,Success,,168693.64,0
TXN10000036,2025-11-15 18:04:07,CUST2073,Manish Iyer,40,Male,Chennai,Current,Affluent,1510000,725,Yes,UPI Payment,Debit,UPI,Groceries,504.16,Success,,159847.98,0
TXN10000037,2025-11-15 19:20:49,CUST2023,Shreya Naidu,24,Female,Chennai,Salary,Affluent,1500000,754,No,UPI Payment,Debit,UPI,Entertainment,357.85,Success,,720635.07,0
TXN10000038,2025-11-19 00:30:00,CUST2058,Rekha Nair,37,Female,Bengaluru,Salary,Affluent,630000,850,Yes,Loan EMI,Debit,Auto Debit,Not Applicable,10100.0,Success,,108156.71,0
TXN10000039,2025-11-19 08:44:14,CUST2061,Arjun Patel,39,Male,Hyderabad,Salary,Affluent,680000,690,Yes,Bill Payment,Debit,Net Banking,Utilities,5293.1,Success,,322989.94,0
TXN10000040,2025-11-22 07:47:28,CUST2029,Karthik Gupta,38,Male,Chennai,Salary,Affluent,1350000,654,Yes,UPI Payment,Debit,UPI,Travel,371.23,Success,,530761.2,0
TXN10000041,2025-11-23 20:35:55,CUST2071,Sneha Singh,49,Female,Bengaluru,Savings,Affluent,1000000,655,Yes,UPI Payment,Debit,UPI,Shopping,1766.44,Success,,256712.28,0
TXN10000042,2025-11-27 14:20:50,CUST2018,Rekha Bose,22,Female,Hyderabad,Savings,Mass,550000,835,No,Bill Payment,Debit,Net Banking,Utilities,1079.32,Success,,234362.46,0
TXN10000043,2025-11-28 19:17:07,CUST2065,Fatima Joshi,40,Female,Chennai,Salary,Mass,530000,831,No,Bill Payment,Debit,Net Banking,Utilities,1059.41,Success,,27334.23,0
TXN10000044,2025-11-30 02:23:12,CUST2045,Anil Menon,49,Male,Kochi,Savings,Affluent,730000,665,No,Card Purchase,Debit,Online Card,Travel,6899.46,Success,,122212.05,1
TXN10000045,2025-11-30 06:32:19,CUST2069,Amit Sharma,50,Male,Bengaluru,Salary,Affluent,1660000,741,No,Salary Credit,Credit,Direct Credit,Not Applicable,88815.36,Success,,405118.34,0
TXN10000046,2025-12-01 07:39:32,CUST2083,Deepak Sharma,58,Male,Mumbai,Savings,Affluent,640000,812,Yes,Fund Transfer,Debit,Mobile Banking,Not Applicable,20213.07,Success,,21553.31,0
TXN10000047,2025-12-04 14:53:25,CUST2056,Ravi Kulkarni,43,Male,Bengaluru,Salary,Mass,200000,792,No,Bill Payment,Debit,UPI,Utilities,1474.03,Success,,77872.23,0
TXN10000048,2025-12-05 11:09:44,CUST2002,Ravi Gupta,27,Male,Delhi,Savings,Affluent,690000,768,No,Deposit,Credit,ATM,Not Applicable,4033.98,Success,,284655.51,0
TXN10000049,2025-12-06 12:33:42,CUST2030,Suresh Patel,44,Male,Bengaluru,Savings,Affluent,1010000,646,No,Cash Withdrawal,Debit,Branch,Not Applicable,10000.0,Success,,322255.21,0
TXN10000050,2025-12-08 19:54:57,CUST2076,Imran Khan,34,Male,Kochi,Savings,Affluent,910000,657,No,UPI Payment,Debit,UPI,Education,801.83,Success,,177224.19,0
TXN10000051,2025-12-10 17:36:36,CUST2013,Suresh Kulkarni,26,Male,Hyderabad,Premium Savings,Premium,1900000,722,No,Cash Withdrawal,Debit,ATM,Not Applicable,5500.0,Success,,206433.26,0
TXN10000052,2025-12-12 06:52:26,CUST2004,Swathi Joshi,32,Female,Bengaluru,Salary,Mass,280000,663,Yes,Card Purchase,Debit,POS Terminal,Groceries,1650.91,Success,,58431.52,0
TXN10000053,2025-12-12 18:24:46,CUST2057,Karthik Kulkarni,33,Male,Kolkata,Current,Affluent,1630000,587,No,Bill Payment,Debit,Mobile Banking,Utilities,908.4,Success,,381261.73,0
TXN10000054,2025-12-15 16:05:18,CUST2018,Rekha Bose,22,Female,Hyderabad,Savings,Mass,550000,835,No,Bill Payment,Debit,Net Banking,Utilities,1525.64,Success,,232836.82,0
TXN10000055,2025-12-17 11:27:21,CUST2026,Ananya Joshi,30,Female,Pune,Current,Affluent,600000,657,No,Bill Payment,Debit,Mobile Banking,Utilities,644.55,Success,,95832.33,0
TXN10000056,2025-12-19 22:51:50,CUST2067,Deepak Rao,41,Male,Kolkata,Premium Savings,Affluent,1210000,605,No,Fund Transfer,Debit,Mobile Banking,Not Applicable,11880.32,Success,,50403.87,0
TXN10000057,2025-12-22 10:33:20,CUST2073,Manish Iyer,40,Male,Chennai,Current,Affluent,1510000,725,Yes,Deposit,Credit,ATM,Not Applicable,2648.78,Success,,162496.76,0
TXN10000058,2025-12-26 06:58:02,CUST2040,Nikhil Chowdhury,41,Male,Bengaluru,Salary,Mass,490000,735,Yes,Loan EMI,Debit,Auto Debit,Not Applicable,9000.0,Success,,129313.54,0
TXN10000059,2025-12-26 14:51:37,CUST2003,Riya Bose,24,Female,Hyderabad,Savings,Mass,570000,730,No,Deposit,Credit,Branch,Not Applicable,17260.09,Success,,165341.94,0
TXN10000060,2025-12-26 23:40:36,CUST2067,Deepak Rao,41,Male,Kolkata,Premium Savings,Affluent,1210000,605,No,Fund Transfer,Debit,Net Banking,Not Applicable,3853.31,Success,,46550.56,0
TXN10000061,2025-12-27 00:15:15,CUST2025,Pooja Patel,28,Female,Chennai,Current,Affluent,1060000,708,No,Deposit,Credit,Mobile Banking,Not Applicable,7134.22,Success,,106043.41,0
TXN10000062,2025-12-28 01:18:30,CUST2082,Meera Sharma,21,Female,Kolkata,Premium Savings,Affluent,1730000,712,Yes,Salary Credit,Credit,Direct Credit,Not Applicable,105502.84,Success,,300306.6,0
TXN10000063,2025-12-28 22:52:47,CUST2025,Pooja Patel,28,Female,Chennai,Current,Affluent,1060000,708,No,Deposit,Credit,Mobile Banking,Not Applicable,9498.45,Success,,115541.86,0
TXN10000064,2025-12-29 06:34:26,CUST2042,Meera Nair,36,Female,Delhi,Premium Savings,Premium,2110000,694,Yes,Loan EMI,Debit,Auto Debit,Not Applicable,46500.0,Success,,357682.44,0
TXN10000065,2025-12-29 13:15:16,CUST2054,Sai Khan,24,Male,Mumbai,Premium Savings,Mass,590000,850,No,Deposit,Credit,Branch,Not Applicable,41052.66,Success,,306601.51,0
TXN10000066,2025-12-29 14:53:18,CUST2064,Riya Kulkarni,40,Female,Hyderabad,Savings,Affluent,1130000,785,Yes,Cash Withdrawal,Debit,ATM,Not Applicable,6000.0,Success,,473036.66,0
TXN10000067,2026-01-01 12:37:19,CUST2052,Rohan Naidu,45,Male,Delhi,Savings,Mass,250000,593,Yes,Deposit,Credit,Branch,Not Applicable,8689.67,Success,,55539.54,0
TXN10000068,2026-01-02 00:15:18,CUST2034,Isha Khan,35,Female,Pune,Salary,Mass,570000,825,No,Salary Credit,Credit,Direct Credit,Not Applicable,34935.14,Success,,160438.39,0
TXN10000069,2026-01-03 17:24:11,CUST2023,Shreya Naidu,24,Female,Chennai,Salary,Affluent,1500000,754,No,Card Purchase,Debit,Online Card,Groceries,4414.11,Success,,716220.96,0
TXN10000070,2026-01-04 10:18:43,CUST2019,Imran Verma,35,Male,Mumbai,Salary,Mass,290000,596,No,Deposit,Credit,ATM,Not Applicable,12533.23,Success,,109000.39,0
TXN10000071,2026-01-04 12:55:37,CUST2073,Manish Iyer,40,Male,Chennai,Current,Affluent,1510000,725,Yes,Card Purchase,Debit,POS Terminal,Healthcare,7352.83,Success,,155143.93,0
TXN10000072,2026-01-04 15:57:40,CUST2077,Anjali Kulkarni,35,Female,Bengaluru,Salary,Mass,540000,608,No,Card Purchase,Debit,POS Terminal,Groceries,3897.27,Success,,55721.04,0
TXN10000073,2026-01-08 08:58:22,CUST2019,Imran Verma,35,Male,Mumbai,Salary,Mass,290000,596,No,Fund Transfer,Debit,Mobile Banking,Not Applicable,2911.09,Success,,106089.3,0
TXN10000074,2026-01-08 19:41:17,CUST2053,Pooja Verma,25,Female,Chennai,Salary,Mass,430000,663,Yes,UPI Payment,Debit,UPI,Dining,183.18,Success,,77943.05,0
TXN10000075,2026-01-09 22:00:08,CUST2022,Deepak Verma,48,Male,Kolkata,Savings,Mass,300000,710,Yes,Card Purchase,Debit,Online Card,Groceries,2969.68,Success,,129706.39,0
TXN10000076,2026-01-12 12:31:10,CUST2060,Imran Menon,40,Male,Pune,Salary,Mass,480000,624,Yes,Deposit,Credit,Branch,Not Applicable,28611.73,Success,,138157.06,0
TXN10000077,2026-01-13 10:29:31,CUST2002,Ravi Gupta,27,Male,Delhi,Savings,Affluent,690000,768,No,UPI Payment,Debit,UPI,Education,1666.45,Success,,282989.06,0
TXN10000078,2026-01-13 14:10:06,CUST2023,Shreya Naidu,24,Female,Chennai,Salary,Affluent,1500000,754,No,Fund Transfer,Debit,Mobile Banking,Not Applicable,6668.57,Success,,709552.39,0
TXN10000079,2026-01-19 11:52:19,CUST2026,Ananya Joshi,30,Female,Pune,Current,Affluent,600000,657,No,Cash Withdrawal,Debit,ATM,Not Applicable,7000.0,Success,,88832.33,0
TXN10000080,2026-01-19 14:52:48,CUST2027,Manish Joshi,47,Male,Mumbai,Savings,Mass,300000,719,No,Deposit,Credit,Branch,Not Applicable,12480.36,Success,,114428.71,0
TXN10000081,2026-01-20 13:46:14,CUST2081,Lakshmi Khan,59,Female,Pune,Savings,Affluent,1200000,593,No,UPI Payment,Debit,UPI,Entertainment,155.43,Success,,222276.67,0
TXN10000082,2026-01-21 12:41:06,CUST2064,Riya Kulkarni,40,Female,Hyderabad,Savings,Affluent,1130000,785,Yes,Bill Payment,Debit,Mobile Banking,Utilities,1499.12,Success,,471537.54,0
TXN10000083,2026-01-22 01:40:29,CUST2005,Pranav Naidu,39,Male,Delhi,Savings,Affluent,610000,634,No,Fund Transfer,Debit,Net Banking,Not Applicable,118591.77,Success,,115524.36,1
TXN10000084,2026-01-22 12:24:29,CUST2078,Sunita Naidu,60,Female,Mumbai,Savings,Affluent,960000,694,Yes,Card Purchase,Debit,Online Card,Dining,583.97,Success,,276226.56,0
TXN10000085,2026-01-22 19:53:40,CUST2055,Pooja Rao,26,Female,Bengaluru,Salary,Mass,280000,772,No,UPI Payment,Debit,UPI,Shopping,1327.09,Success,,116947.9,0
TXN10000086,2026-01-23 00:27:03,CUST2073,Manish Iyer,40,Male,Chennai,Current,Affluent,1510000,725,Yes,Loan EMI,Debit,Auto Debit,Not Applicable,28800.0,Success,,126343.93,0
TXN10000087,2026-01-25 15:54:20,CUST2045,Anil Menon,49,Male,Kochi,Savings,Affluent,730000,665,No,Cash Withdrawal,Debit,Branch,Not Applicable,9500.0,Success,,112712.05,0
TXN10000088,2026-01-26 01:18:53,CUST2058,Rekha Nair,37,Female,Bengaluru,Salary,Affluent,630000,850,Yes,Card Purchase,Debit,Online Card,Groceries,1574.51,Success,,106582.2,1
TXN10000089,2026-01-28 07:15:22,CUST2013,Suresh Kulkarni,26,Male,Hyderabad,Premium Savings,Premium,1900000,722,No,Salary Credit,Credit,Direct Credit,Not Applicable,101845.15,Success,,308278.41,0
TXN10000090,2026-01-28 12:41:19,CUST2018,Rekha Bose,22,Female,Hyderabad,Savings,Mass,550000,835,No,UPI Payment,Debit,UPI,Healthcare,1150.84,Success,,231685.98,0
TXN10000091,2026-01-29 00:54:50,CUST2021,Fatima Chowdhury,44,Female,Hyderabad,Salary,Mass,490000,709,Yes,Salary Credit,Credit,Direct Credit,Not Applicable,29436.72,Success,,108746.35,0
TXN10000092,2026-01-29 11:16:40,CUST2075,Nikhil Kulkarni,42,Male,Delhi,Savings,Affluent,690000,604,No,Card Purchase,Debit,POS Terminal,Groceries,3932.6,Success,,108393.45,0
TXN10000093,2026-01-29 16:50:35,CUST2082,Meera Sharma,21,Female,Kolkata,Premium Savings,Affluent,1730000,712,Yes,Card Purchase,Debit,POS Terminal,Dining,1262.36,Success,,299044.24,0
TXN10000094,2026-02-01 01:04:02,CUST2054,Sai Khan,24,Male,Mumbai,Premium Savings,Mass,590000,850,No,Salary Credit,Credit,Direct Credit,Not Applicable,37985.85,Success,,344587.36,0
TXN10000095,2026-02-02 14:01:39,CUST2024,Ananya Sharma,26,Female,Kolkata,Savings,Affluent,1020000,778,Yes,UPI Payment,Debit,UPI,Fuel,2649.45,Success,,430079.99,0
TXN10000096,2026-02-04 10:30:43,CUST2021,Fatima Chowdhury,44,Female,Hyderabad,Salary,Mass,490000,709,Yes,Deposit,Credit,Branch,Not Applicable,22995.08,Success,,131741.43,0
TXN10000097,2026-02-04 15:34:16,CUST2073,Manish Iyer,40,Male,Chennai,Current,Affluent,1510000,725,Yes,Deposit,Credit,Mobile Banking,Not Applicable,59989.94,Success,,186333.87,0
TXN10000098,2026-02-05 02:29:03,CUST2043,Nandini Reddy,37,Female,Pune,Savings,Mass,340000,639,No,UPI Payment,Debit,UPI,Shopping,2187.99,Success,,123093.29,1
TXN10000099,2026-02-05 14:45:12,CUST2067,Deepak Rao,41,Male,Kolkata,Premium Savings,Affluent,1210000,605,No,Card Purchase,Debit,Online Card,Groceries,5559.13,Success,,40991.43,0
TXN10000100,2026-02-06 10:45:03,CUST2069,Amit Sharma,50,Male,Bengaluru,Salary,Affluent,1660000,741,No,Fund Transfer,Debit,Branch,Not Applicable,9256.36,Success,,395861.98,0
TXN10000101,2026-02-07 09:44:55,CUST2050,Anil Kulkarni,47,Male,Delhi,Salary,Mass,380000,824,No,Fund Transfer,Debit,Mobile Banking,Not Applicable,3697.34,Success,,131256.33,0
TXN10000102,2026-02-07 18:40:02,CUST2078,Sunita Naidu,60,Female,Mumbai,Savings,Affluent,960000,694,Yes,UPI Payment,Debit,UPI,Travel,608.33,Success,,275618.23,0
TXN10000103,2026-02-08 11:34:09,CUST2017,Priya Reddy,48,Female,Bengaluru,Salary,Affluent,600000,671,No,UPI Payment,Debit,UPI,Healthcare,592.86,Success,,222843.06,0
TXN10000104,2026-02-08 14:52:14,CUST2074,Swathi Rao,51,Female,Jaipur,Current,Affluent,820000,859,Yes,Deposit,Credit,Branch,Not Applicable,12590.82,Success,,246105.54,0
TXN10000105,2026-02-10 11:14:32,CUST2050,Anil Kulkarni,47,Male,Delhi,Salary,Mass,380000,824,No,Card Purchase,Debit,POS Terminal,Shopping,1789.84,Success,,129466.49,0
TXN10000106,2026-02-11 14:41:57,CUST2002,Ravi Gupta,27,Male,Delhi,Savings,Affluent,690000,768,No,Deposit,Credit,Branch,Not Applicable,14486.87,Success,,297475.93,0
TXN10000107,2026-02-12 08:45:40,CUST2084,Karthik Khan,37,Male,Lucknow,Current,Affluent,820000,693,No,UPI Payment,Debit,UPI,Groceries,1024.05,Success,,133376.12,0
TXN10000108,2026-02-12 15:29:38,CUST2023,Shreya Naidu,24,Female,Chennai,Salary,Affluent,1500000,754,No,Bill Payment,Debit,Mobile Banking,Utilities,7240.58,Success,,702311.81,0
TXN10000109,2026-02-13 20:45:50,CUST2068,Arjun Naidu,34,Male,Kochi,Salary,Mass,200000,746,No,Fund Transfer,Debit,Mobile Banking,Not Applicable,15440.8,Success,,6218.99,0
TXN10000110,2026-02-14 08:21:08,CUST2038,Sneha Reddy,24,Female,Mumbai,Salary,Affluent,770000,809,No,UPI Payment,Debit,UPI,Entertainment,174.55,Failed,Technical Error,57079.98,0
TXN10000111,2026-02-14 13:12:41,CUST2082,Meera Sharma,21,Female,Kolkata,Premium Savings,Affluent,1730000,712,Yes,UPI Payment,Debit,UPI,Fuel,852.47,Failed,Technical Error,299044.24,0
TXN10000112,2026-02-17 18:30:03,CUST2002,Ravi Gupta,27,Male,Delhi,Savings,Affluent,690000,768,No,UPI Payment,Debit,UPI,Shopping,1217.71,Success,,296258.22,0
TXN10000113,2026-02-18 23:56:11,CUST2077,Anjali Kulkarni,35,Female,Bengaluru,Salary,Mass,540000,608,No,Bill Payment,Debit,Mobile Banking,Utilities,2450.2,Success,,53270.84,0
TXN10000114,2026-02-19 21:42:37,CUST2033,Isha Patel,33,Female,Pune,Savings,Mass,480000,829,No,Bill Payment,Debit,Net Banking,Utilities,806.55,Success,,204525.92,0
TXN10000115,2026-02-21 08:16:23,CUST2058,Rekha Nair,37,Female,Bengaluru,Salary,Affluent,630000,850,Yes,Card Purchase,Debit,POS Terminal,Fuel,1987.18,Success,,104595.02,0
TXN10000116,2026-02-23 07:17:34,CUST2060,Imran Menon,40,Male,Pune,Salary,Mass,480000,624,Yes,Fund Transfer,Debit,Mobile Banking,Not Applicable,1465.77,Success,,136691.29,0
TXN10000117,2026-02-23 17:59:39,CUST2015,Arjun Iyer,28,Male,Mumbai,Savings,Affluent,990000,729,No,Fund Transfer,Debit,Net Banking,Not Applicable,3921.59,Success,,243593.45,0
TXN10000118,2026-02-23 18:42:34,CUST2035,Manish Sharma,38,Male,Chennai,Current,Affluent,1370000,642,Yes,Cash Withdrawal,Debit,ATM,Not Applicable,3500.0,Success,,576278.04,0
TXN10000119,2026-02-23 21:37:54,CUST2061,Arjun Patel,39,Male,Hyderabad,Salary,Affluent,680000,690,Yes,UPI Payment,Debit,UPI,Travel,472.88,Success,,322517.06,0
TXN10000120,2026-02-26 05:57:40,CUST2009,Divya Patel,34,Female,Chennai,Current,Affluent,1520000,702,Yes,UPI Payment,Debit,UPI,Dining,1066.16,Success,,709621.33,0
TXN10000121,2026-02-27 10:01:59,CUST2077,Anjali Kulkarni,35,Female,Bengaluru,Salary,Mass,540000,608,No,Cash Withdrawal,Debit,ATM,Not Applicable,13500.0,Success,,39770.84,0
TXN10000122,2026-02-27 13:17:33,CUST2026,Ananya Joshi,30,Female,Pune,Current,Affluent,600000,657,No,Bill Payment,Debit,Mobile Banking,Utilities,5140.8,Success,,83691.53,0
TXN10000123,2026-02-27 16:44:20,CUST2008,Amit Nair,50,Male,Bengaluru,Savings,Affluent,1070000,664,Yes,UPI Payment,Debit,UPI,Travel,735.94,Success,,473632.15,0
TXN10000124,2026-02-27 19:01:06,CUST2063,Ravi Khan,30,Male,Lucknow,Current,Affluent,1280000,764,Yes,Card Purchase,Debit,POS Terminal,Education,3623.69,Success,,442021.05,0
TXN10000125,2026-02-28 01:27:44,CUST2031,Aarav Khan,23,Male,Hyderabad,Premium Savings,Affluent,1420000,822,No,Salary Credit,Credit,Direct Credit,Not Applicable,74098.09,Success,,672763.06,0
TXN10000126,2026-03-02 12:11:58,CUST2074,Swathi Rao,51,Female,Jaipur,Current,Affluent,820000,859,Yes,Deposit,Credit,ATM,Not Applicable,7317.63,Success,,253423.17,0
TXN10000127,2026-03-03 15:12:16,CUST2076,Imran Khan,34,Male,Kochi,Savings,Affluent,910000,657,No,Deposit,Credit,Branch,Not Applicable,6501.58,Success,,183725.77,0
TXN10000128,2026-03-04 17:41:43,CUST2081,Lakshmi Khan,59,Female,Pune,Savings,Affluent,1200000,593,No,Bill Payment,Debit,Net Banking,Utilities,1341.45,Success,,220935.22,0
TXN10000129,2026-03-05 10:53:09,CUST2033,Isha Patel,33,Female,Pune,Savings,Mass,480000,829,No,Fund Transfer,Debit,Mobile Banking,Not Applicable,9362.7,Success,,195163.22,0
TXN10000130,2026-03-05 21:22:05,CUST2082,Meera Sharma,21,Female,Kolkata,Premium Savings,Affluent,1730000,712,Yes,Bill Payment,Debit,Mobile Banking,Utilities,6205.94,Success,,292838.3,0
TXN10000131,2026-03-08 13:11:36,CUST2003,Riya Bose,24,Female,Hyderabad,Savings,Mass,570000,730,No,Deposit,Credit,Branch,Not Applicable,13204.76,Success,,178546.7,0
TXN10000132,2026-03-09 12:49:51,CUST2038,Sneha Reddy,24,Female,Mumbai,Salary,Affluent,770000,809,No,Card Purchase,Debit,POS Terminal,Fuel,541.41,Success,,56538.57,0
TXN10000133,2026-03-09 17:17:51,CUST2030,Suresh Patel,44,Male,Bengaluru,Savings,Affluent,1010000,646,No,Bill Payment,Debit,Net Banking,Utilities,3050.48,Success,,319204.73,0
TXN10000134,2026-03-11 21:04:38,CUST2021,Fatima Chowdhury,44,Female,Hyderabad,Salary,Mass,490000,709,Yes,Bill Payment,Debit,Net Banking,Utilities,698.49,Failed,Technical Error,131741.43,0
TXN10000135,2026-03-14 17:51:21,CUST2028,Nikhil Singh,50,Male,Mumbai,Savings,Mass,550000,565,No,UPI Payment,Debit,UPI,Shopping,9954.25,Success,,70772.55,0
TXN10000136,2026-03-16 15:13:46,CUST2055,Pooja Rao,26,Female,Bengaluru,Salary,Mass,280000,772,No,UPI Payment,Debit,UPI,Entertainment,119.05,Success,,116828.85,0
TXN10000137,2026-03-18 10:51:13,CUST2052,Rohan Naidu,45,Male,Delhi,Savings,Mass,250000,593,Yes,UPI Payment,Debit,UPI,Education,963.94,Success,,54575.6,0
TXN10000138,2026-03-20 04:20:55,CUST2033,Isha Patel,33,Female,Pune,Savings,Mass,480000,829,No,Fund Transfer,Debit,Net Banking,Not Applicable,68543.29,Failed,Blocked by Fraud Engine,195163.22,1
TXN10000139,2026-03-20 14:41:02,CUST2025,Pooja Patel,28,Female,Chennai,Current,Affluent,1060000,708,No,UPI Payment,Debit,UPI,Dining,820.31,Success,,114721.55,0
TXN10000140,2026-03-21 08:54:23,CUST2010,Ananya Iyer,25,Female,Mumbai,Premium Savings,Affluent,1280000,688,Yes,Bill Payment,Debit,UPI,Utilities,2050.89,Success,,83870.11,0
TXN10000141,2026-03-24 09:26:30,CUST2017,Priya Reddy,48,Female,Bengaluru,Salary,Affluent,600000,671,No,Bill Payment,Debit,Mobile Banking,Utilities,2645.06,Success,,220198.0,0
TXN10000142,2026-03-24 21:27:50,CUST2017,Priya Reddy,48,Female,Bengaluru,Salary,Affluent,600000,671,No,UPI Payment,Debit,UPI,Dining,923.76,Success,,219274.24,0
TXN10000143,2026-03-26 01:58:52,CUST2004,Swathi Joshi,32,Female,Bengaluru,Salary,Mass,280000,663,Yes,Card Purchase,Debit,Online Card,Shopping,3865.51,Success,,54566.01,0
TXN10000144,2026-03-26 10:29:12,CUST2011,Isha Rao,37,Female,Hyderabad,Salary,Affluent,1160000,629,Yes,Deposit,Credit,Branch,Not Applicable,32695.38,Success,,182052.48,0
TXN10000145,2026-03-26 11:11:26,CUST2068,Arjun Naidu,34,Male,Kochi,Salary,Mass,200000,746,No,UPI Payment,Debit,UPI,Groceries,129.38,Success,,6089.61,0
TXN10000146,2026-03-26 19:44:20,CUST2022,Deepak Verma,48,Male,Kolkata,Savings,Mass,300000,710,Yes,UPI Payment,Debit,UPI,Travel,439.57,Success,,129266.82,0
TXN10000147,2026-03-28 10:15:27,CUST2012,Priya Joshi,62,Female,Mumbai,Salary,Affluent,710000,676,No,Deposit,Credit,Mobile Banking,Not Applicable,17927.36,Success,,166982.06,0
TXN10000148,2026-03-28 12:44:01,CUST2049,Rohan Joshi,34,Male,Bengaluru,Salary,Mass,410000,629,No,UPI Payment,Debit,UPI,Entertainment,235.29,Success,,56766.58,0
TXN10000149,2026-03-29 18:26:08,CUST2084,Karthik Khan,37,Male,Lucknow,Current,Affluent,820000,693,No,Card Purchase,Debit,POS Terminal,Groceries,252.64,Success,,133123.48,0
TXN10000150,2026-03-30 21:58:31,CUST2036,Aarav Kulkarni,28,Male,Ahmedabad,Premium Savings,Affluent,1260000,666,Yes,UPI Payment,Debit,UPI,Groceries,376.89,Success,,114679.33,0
TXN10000151,2026-04-02 13:20:17,CUST2038,Sneha Reddy,24,Female,Mumbai,Salary,Affluent,770000,809,No,Card Purchase,Debit,POS Terminal,Education,5585.44,Success,,50953.13,0
TXN10000152,2026-04-02 13:43:48,CUST2066,Meera Das,39,Female,Mumbai,Salary,Affluent,810000,665,Yes,Bill Payment,Debit,Mobile Banking,Utilities,8044.02,Success,,99623.21,0
TXN10000153,2026-04-02 16:42:50,CUST2075,Nikhil Kulkarni,42,Male,Delhi,Savings,Affluent,690000,604,No,Bill Payment,Debit,Net Banking,Utilities,3716.5,Success,,104676.95,0
TXN10000154,2026-04-03 01:09:43,CUST2029,Karthik Gupta,38,Male,Chennai,Salary,Affluent,1350000,654,Yes,Salary Credit,Credit,Direct Credit,Not Applicable,72291.01,Failed,Technical Error,530761.2,0
TXN10000155,2026-04-04 06:12:11,CUST2063,Ravi Khan,30,Male,Lucknow,Current,Affluent,1280000,764,Yes,Card Purchase,Debit,POS Terminal,Travel,862.11,Success,,441158.94,0
TXN10000156,2026-04-04 15:49:28,CUST2072,Neha Rao,32,Female,Bengaluru,Savings,Affluent,850000,703,Yes,Card Purchase,Debit,Online Card,Travel,1629.81,Success,,64992.83,0
TXN10000157,2026-04-08 16:46:56,CUST2064,Riya Kulkarni,40,Female,Hyderabad,Savings,Affluent,1130000,785,Yes,Bill Payment,Debit,Mobile Banking,Utilities,1050.35,Success,,470487.19,0
TXN10000158,2026-04-09 11:33:39,CUST2009,Divya Patel,34,Female,Chennai,Current,Affluent,1520000,702,Yes,Fund Transfer,Debit,Mobile Banking,Not Applicable,13796.58,Success,,695824.75,0
TXN10000159,2026-04-09 11:42:41,CUST2076,Imran Khan,34,Male,Kochi,Savings,Affluent,910000,657,No,Deposit,Credit,ATM,Not Applicable,27922.47,Success,,211648.24,0
TXN10000160,2026-04-11 14:22:19,CUST2005,Pranav Naidu,39,Male,Delhi,Savings,Affluent,610000,634,No,Deposit,Credit,ATM,Not Applicable,30597.1,Success,,146121.46,0
TXN10000161,2026-04-14 03:17:36,CUST2067,Deepak Rao,41,Male,Kolkata,Premium Savings,Affluent,1210000,605,No,Fund Transfer,Debit,Net Banking,Not Applicable,10623.14,Failed,Blocked by Fraud Engine,40991.43,1
TXN10000162,2026-04-15 18:27:38,CUST2059,Vikram Reddy,26,Male,Bengaluru,Salary,Affluent,630000,712,Yes,Fund Transfer,Debit,Mobile Banking,Not Applicable,59211.62,Success,,188271.15,0
TXN10000163,2026-04-17 06:50:53,CUST2044,Anjali Das,43,Female,Pune,Current,Affluent,800000,692,No,Bill Payment,Debit,Mobile Banking,Utilities,3243.68,Success,,251547.74,0
TXN10000164,2026-04-17 07:03:33,CUST2022,Deepak Verma,48,Male,Kolkata,Savings,Mass,300000,710,Yes,UPI Payment,Debit,UPI,Healthcare,2943.32,Success,,126323.5,0
TXN10000165,2026-04-17 11:23:58,CUST2051,Neha Khan,44,Female,Mumbai,Salary,Affluent,600000,643,No,Cash Withdrawal,Debit,ATM,Not Applicable,15000.0,Success,,150987.07,0
TXN10000166,2026-04-18 12:13:24,CUST2019,Imran Verma,35,Male,Mumbai,Salary,Mass,290000,596,No,Deposit,Credit,Branch,Not Applicable,5848.19,Success,,111937.49,0
TXN10000167,2026-04-20 17:06:09,CUST2058,Rekha Nair,37,Female,Bengaluru,Salary,Affluent,630000,850,Yes,Card Purchase,Debit,Online Card,Shopping,779.49,Success,,103815.53,0
TXN10000168,2026-04-20 19:42:00,CUST2028,Nikhil Singh,50,Male,Mumbai,Savings,Mass,550000,565,No,UPI Payment,Debit,UPI,Travel,544.41,Success,,70228.14,0
TXN10000169,2026-04-21 09:39:30,CUST2079,Kavya Verma,44,Female,Hyderabad,Savings,Affluent,1660000,578,No,Deposit,Credit,ATM,Not Applicable,10166.79,Success,,773145.0,0
TXN10000170,2026-04-27 18:51:02,CUST2080,Suresh Gupta,42,Male,Hyderabad,Savings,Mass,260000,696,No,Card Purchase,Debit,Online Card,Groceries,691.24,Success,,73620.82,0
TXN10000171,2026-04-29 02:43:23,CUST2036,Aarav Kulkarni,28,Male,Ahmedabad,Premium Savings,Affluent,1260000,666,Yes,Salary Credit,Credit,Direct Credit,Not Applicable,75845.74,Success,,190525.07,0
TXN10000172,2026-05-01 06:58:09,CUST2016,Sneha Mehta,27,Female,Chennai,Salary,Affluent,600000,681,No,Salary Credit,Credit,Direct Credit,Not Applicable,33066.82,Success,,174211.28,0
TXN10000173,2026-05-01 12:54:02,CUST2031,Aarav Khan,23,Male,Hyderabad,Premium Savings,Affluent,1420000,822,No,UPI Payment,Debit,UPI,Fuel,792.01,Success,,671971.05,0
TXN10000174,2026-05-01 21:49:48,CUST2017,Priya Reddy,48,Female,Bengaluru,Salary,Affluent,600000,671,No,UPI Payment,Debit,UPI,Fuel,123.58,Success,,219150.66,0
TXN10000175,2026-05-05 14:57:27,CUST2051,Neha Khan,44,Female,Mumbai,Salary,Affluent,600000,643,No,UPI Payment,Debit,UPI,Groceries,1104.07,Success,,149883.0,0
TXN10000176,2026-05-05 16:25:36,CUST2001,Anjali Menon,32,Female,Jaipur,Current,Affluent,640000,724,No,UPI Payment,Debit,UPI,Fuel,3499.58,Success,,258056.42,0
TXN10000177,2026-05-08 19:02:18,CUST2044,Anjali Das,43,Female,Pune,Current,Affluent,800000,692,No,UPI Payment,Debit,UPI,Fuel,509.98,Success,,251037.76,0
TXN10000178,2026-05-11 10:26:21,CUST2078,Sunita Naidu,60,Female,Mumbai,Savings,Affluent,960000,694,Yes,Deposit,Credit,ATM,Not Applicable,97674.16,Success,,373292.39,0
TXN10000179,2026-05-12 15:48:28,CUST2028,Nikhil Singh,50,Male,Mumbai,Savings,Mass,550000,565,No,Card Purchase,Debit,Online Card,Groceries,2327.45,Success,,67900.69,0
TXN10000180,2026-05-13 18:59:27,CUST2009,Divya Patel,34,Female,Chennai,Current,Affluent,1520000,702,Yes,Card Purchase,Debit,POS Terminal,Shopping,1048.73,Success,,694776.02,0
TXN10000181,2026-05-14 13:20:12,CUST2025,Pooja Patel,28,Female,Chennai,Current,Affluent,1060000,708,No,Deposit,Credit,Branch,Not Applicable,78449.07,Success,,193170.62,0
TXN10000182,2026-05-16 17:55:58,CUST2023,Shreya Naidu,24,Female,Chennai,Salary,Affluent,1500000,754,No,UPI Payment,Debit,UPI,Groceries,1081.96,Success,,701229.85,0
TXN10000183,2026-05-17 02:44:46,CUST2003,Riya Bose,24,Female,Hyderabad,Savings,Mass,570000,730,No,Fund Transfer,Debit,Net Banking,Not Applicable,14350.36,Failed,Blocked by Fraud Engine,178546.7,1
TXN10000184,2026-05-22 11:41:33,CUST2069,Amit Sharma,50,Male,Bengaluru,Salary,Affluent,1660000,741,No,Bill Payment,Debit,Net Banking,Utilities,2794.69,Success,,393067.29,0
TXN10000185,2026-05-24 04:26:21,CUST2085,Deepak Khan,35,Male,Pune,Salary,Mass,350000,738,Yes,UPI Payment,Debit,UPI,Shopping,7152.77,Success,,161540.87,1
TXN10000186,2026-05-26 07:21:53,CUST2002,Ravi Gupta,27,Male,Delhi,Savings,Affluent,690000,768,No,Bill Payment,Debit,Mobile Banking,Utilities,1683.86,Success,,294574.36,0
TXN10000187,2026-05-27 09:37:59,CUST2029,Karthik Gupta,38,Male,Chennai,Salary,Affluent,1350000,654,Yes,UPI Payment,Debit,UPI,Shopping,947.24,Success,,529813.96,0
TXN10000188,2026-06-01 07:46:24,CUST2075,Nikhil Kulkarni,42,Male,Delhi,Savings,Affluent,690000,604,No,UPI Payment,Debit,UPI,Fuel,569.62,Success,,104107.33,0
TXN10000189,2026-06-02 01:53:04,CUST2024,Ananya Sharma,26,Female,Kolkata,Savings,Affluent,1020000,778,Yes,Loan EMI,Debit,Auto Debit,Not Applicable,14300.0,Success,,415779.99,0
TXN10000190,2026-06-02 02:15:04,CUST2019,Imran Verma,35,Male,Mumbai,Salary,Mass,290000,596,No,Salary Credit,Credit,Direct Credit,Not Applicable,17035.58,Success,,128973.07,0
TXN10000191,2026-06-02 14:48:01,CUST2053,Pooja Verma,25,Female,Chennai,Salary,Mass,430000,663,Yes,Deposit,Credit,ATM,Not Applicable,21159.42,Success,,99102.47,0
TXN10000192,2026-06-03 10:22:55,CUST2077,Anjali Kulkarni,35,Female,Bengaluru,Salary,Mass,540000,608,No,Bill Payment,Debit,Mobile Banking,Utilities,1051.62,Success,,38719.22,0
TXN10000193,2026-06-05 12:58:32,CUST2035,Manish Sharma,38,Male,Chennai,Current,Affluent,1370000,642,Yes,Fund Transfer,Debit,Branch,Not Applicable,6363.67,Success,,569914.37,0
TXN10000194,2026-06-05 16:39:07,CUST2036,Aarav Kulkarni,28,Male,Ahmedabad,Premium Savings,Affluent,1260000,666,Yes,UPI Payment,Debit,UPI,Groceries,452.68,Success,,190072.39,0
TXN10000195,2026-06-06 13:12:30,CUST2046,Lakshmi Das,27,Female,Delhi,Salary,Mass,330000,752,No,UPI Payment,Debit,UPI,Groceries,173.01,Success,,66085.78,0
TXN10000196,2026-06-06 14:32:35,CUST2001,Anjali Menon,32,Female,Jaipur,Current,Affluent,640000,724,No,UPI Payment,Debit,UPI,Shopping,516.05,Success,,257540.37,0
TXN10000197,2026-06-10 16:39:12,CUST2034,Isha Khan,35,Female,Pune,Salary,Mass,570000,825,No,Card Purchase,Debit,Online Card,Travel,790.5,Success,,159647.89,0
TXN10000198,2026-06-11 04:43:26,CUST2080,Suresh Gupta,42,Male,Hyderabad,Savings,Mass,260000,696,No,Fund Transfer,Debit,Net Banking,Not Applicable,34959.6,Success,,38661.22,1
TXN10000199,2026-06-11 11:04:21,CUST2057,Karthik Kulkarni,33,Male,Kolkata,Current,Affluent,1630000,587,No,Card Purchase,Debit,Online Card,Groceries,8575.86,Success,,372685.87,0
TXN10000200,2026-06-12 12:54:31,CUST2003,Riya Bose,24,Female,Hyderabad,Savings,Mass,570000,730,No,UPI Payment,Debit,UPI,Groceries,2194.14,Failed,Technical Error,178546.7,0
TXN10000201,2026-06-12 14:07:37,CUST2058,Rekha Nair,37,Female,Bengaluru,Salary,Affluent,630000,850,Yes,UPI Payment,Debit,UPI,Groceries,2899.57,Success,,100915.96,0
TXN10000202,2026-06-12 18:06:36,CUST2034,Isha Khan,35,Female,Pune,Salary,Mass,570000,825,No,Deposit,Credit,Mobile Banking,Not Applicable,34289.31,Success,,193937.2,0
TXN10000203,2026-06-13 15:35:26,CUST2004,Swathi Joshi,32,Female,Bengaluru,Salary,Mass,280000,663,Yes,Deposit,Credit,Branch,Not Applicable,6610.35,Success,,61176.36,0
TXN10000204,2026-06-15 15:51:43,CUST2034,Isha Khan,35,Female,Pune,Salary,Mass,570000,825,No,Bill Payment,Debit,Mobile Banking,Utilities,1720.56,Success,,192216.64,0
TXN10000205,2026-06-16 00:08:16,CUST2011,Isha Rao,37,Female,Hyderabad,Salary,Affluent,1160000,629,Yes,Fund Transfer,Debit,Net Banking,Not Applicable,135054.45,Failed,Blocked by Fraud Engine,182052.48,1
TXN10000206,2026-06-16 15:45:51,CUST2054,Sai Khan,24,Male,Mumbai,Premium Savings,Mass,590000,850,No,Cash Withdrawal,Debit,ATM,Not Applicable,6000.0,Success,,338587.36,0
TXN10000207,2026-06-16 20:27:44,CUST2015,Arjun Iyer,28,Male,Mumbai,Savings,Affluent,990000,729,No,Deposit,Credit,Mobile Banking,Not Applicable,43548.91,Success,,287142.36,0
TXN10000208,2026-06-16 20:44:35,CUST2013,Suresh Kulkarni,26,Male,Hyderabad,Premium Savings,Premium,1900000,722,No,Fund Transfer,Debit,Mobile Banking,Not Applicable,8863.34,Success,,299415.07,0
TXN10000209,2026-06-18 18:05:02,CUST2028,Nikhil Singh,50,Male,Mumbai,Savings,Mass,550000,565,No,Bill Payment,Debit,Mobile Banking,Utilities,636.35,Success,,67264.34,0
TXN10000210,2026-06-19 13:06:12,CUST2037,Priya Patel,40,Female,Pune,Savings,Mass,470000,650,No,Deposit,Credit,Branch,Not Applicable,13210.66,Success,,82647.37,0
TXN10000211,2026-06-20 10:29:08,CUST2025,Pooja Patel,28,Female,Chennai,Current,Affluent,1060000,708,No,Card Purchase,Debit,POS Terminal,Travel,2042.9,Success,,191127.72,0
TXN10000212,2026-06-21 16:11:40,CUST2077,Anjali Kulkarni,35,Female,Bengaluru,Salary,Mass,540000,608,No,UPI Payment,Debit,UPI,Groceries,937.45,Success,,37781.77,0
TXN10000213,2026-06-21 19:55:27,CUST2052,Rohan Naidu,45,Male,Delhi,Savings,Mass,250000,593,Yes,Card Purchase,Debit,POS Terminal,Shopping,4322.98,Success,,50252.62,0
TXN10000214,2026-06-22 06:43:07,CUST2022,Deepak Verma,48,Male,Kolkata,Savings,Mass,300000,710,Yes,Loan EMI,Debit,Auto Debit,Not Applicable,7000.0,Success,,119323.5,0
TXN10000215,2026-06-23 12:11:09,CUST2068,Arjun Naidu,34,Male,Kochi,Salary,Mass,200000,746,No,Fund Transfer,Debit,Mobile Banking,Not Applicable,7570.27,Failed,Insufficient Funds,6089.61,0
TXN10000216,2026-06-23 15:22:47,CUST2018,Rekha Bose,22,Female,Hyderabad,Savings,Mass,550000,835,No,Fund Transfer,Debit,Mobile Banking,Not Applicable,2009.93,Success,,229676.05,0
TXN10000217,2026-06-23 15:35:01,CUST2078,Sunita Naidu,60,Female,Mumbai,Savings,Affluent,960000,694,Yes,UPI Payment,Debit,UPI,Dining,652.97,Success,,372639.42,0
TXN10000218,2026-06-24 11:39:15,CUST2001,Anjali Menon,32,Female,Jaipur,Current,Affluent,640000,724,No,Card Purchase,Debit,Online Card,Healthcare,229.33,Success,,257311.04,0
TXN10000219,2026-06-25 16:28:56,CUST2047,Neha Iyer,25,Female,Pune,Salary,Mass,550000,707,No,Bill Payment,Debit,Net Banking,Utilities,438.24,Success,,137557.54,0
TXN10000220,2026-06-26 09:26:56,CUST2008,Amit Nair,50,Male,Bengaluru,Savings,Affluent,1070000,664,Yes,UPI Payment,Debit,UPI,Entertainment,210.41,Success,,473421.74,0
TXN10000221,2026-06-26 14:21:54,CUST2034,Isha Khan,35,Female,Pune,Salary,Mass,570000,825,No,Bill Payment,Debit,Mobile Banking,Utilities,2099.98,Success,,190116.66,0
TXN10000222,2026-06-27 12:07:26,CUST2050,Anil Kulkarni,47,Male,Delhi,Salary,Mass,380000,824,No,UPI Payment,Debit,UPI,Groceries,927.05,Success,,128539.44,0
TXN10000223,2026-06-27 16:25:28,CUST2025,Pooja Patel,28,Female,Chennai,Current,Affluent,1060000,708,No,Card Purchase,Debit,Online Card,Travel,5861.03,Success,,185266.69,0
TXN10000224,2026-06-27 21:37:58,CUST2063,Ravi Khan,30,Male,Lucknow,Current,Affluent,1280000,764,Yes,Cash Withdrawal,Debit,ATM,Not Applicable,30000.0,Success,,411158.94,0
TXN10000225,2026-06-28 20:50:07,CUST2024,Ananya Sharma,26,Female,Kolkata,Savings,Affluent,1020000,778,Yes,UPI Payment,Debit,UPI,Dining,2421.64,Success,,413358.35,0
TXN10000226,2026-06-29 19:30:21,CUST2068,Arjun Naidu,34,Male,Kochi,Salary,Mass,200000,746,No,Card Purchase,Debit,POS Terminal,Travel,6255.47,Failed,Insufficient Funds,6089.61,0
TXN10000227,2026-06-30 12:11:39,CUST2007,Amit Naidu,53,Male,Chennai,Savings,Affluent,940000,734,No,Fund Transfer,Debit,Mobile Banking,Not Applicable,5270.97,Success,,105512.36,0
TXN10000228,2026-07-01 09:47:17,CUST2028,Nikhil Singh,50,Male,Mumbai,Savings,Mass,550000,565,No,Card Purchase,Debit,Online Card,Dining,5323.37,Success,,61940.97,0
TXN10000229,2026-07-01 10:00:14,CUST2057,Karthik Kulkarni,33,Male,Kolkata,Current,Affluent,1630000,587,No,Bill Payment,Debit,Net Banking,Utilities,2260.25,Success,,370425.62,0
TXN10000230,2026-07-01 14:24:07,CUST2014,Anil Naidu,31,Male,Delhi,Savings,Affluent,680000,580,Yes,UPI Payment,Debit,UPI,Groceries,4809.15,Success,,89685.18,0
TXN10000231,2026-07-07 18:28:48,CUST2043,Nandini Reddy,37,Female,Pune,Savings,Mass,340000,639,No,UPI Payment,Debit,UPI,Groceries,554.83,Success,,122538.46,0
TXN10000232,2026-07-08 11:11:33,CUST2011,Isha Rao,37,Female,Hyderabad,Salary,Affluent,1160000,629,Yes,Cash Withdrawal,Debit,ATM,Not Applicable,11500.0,Failed,Technical Error,182052.48,0
TXN10000233,2026-07-08 12:52:09,CUST2044,Anjali Das,43,Female,Pune,Current,Affluent,800000,692,No,UPI Payment,Debit,UPI,Education,398.34,Success,,250639.42,0
TXN10000234,2026-07-08 19:28:17,CUST2066,Meera Das,39,Female,Mumbai,Salary,Affluent,810000,665,Yes,Fund Transfer,Debit,Net Banking,Not Applicable,7604.73,Pending,Awaiting Settlement,99623.21,0
TXN10000235,2026-07-09 15:29:58,CUST2078,Sunita Naidu,60,Female,Mumbai,Savings,Affluent,960000,694,Yes,Deposit,Credit,Branch,Not Applicable,7050.0,Success,,379689.42,0
TXN10000236,2026-07-10 20:39:01,CUST2038,Sneha Reddy,24,Female,Mumbai,Salary,Affluent,770000,809,No,Deposit,Credit,ATM,Not Applicable,105712.81,Success,,156665.94,0
TXN10000237,2026-07-11 16:34:13,CUST2028,Nikhil Singh,50,Male,Mumbai,Savings,Mass,550000,565,No,Bill Payment,Debit,Mobile Banking,Utilities,2234.12,Success,,59706.85,0
TXN10000238,2026-07-13 09:22:47,CUST2040,Nikhil Chowdhury,41,Male,Bengaluru,Salary,Mass,490000,735,Yes,Deposit,Credit,ATM,Not Applicable,10418.82,Success,,139732.36,0
TXN10000239,2026-07-13 15:13:26,CUST2034,Isha Khan,35,Female,Pune,Salary,Mass,570000,825,No,UPI Payment,Debit,UPI,Shopping,240.73,Success,,189875.93,0
TXN10000240,2026-07-14 19:39:06,CUST2056,Ravi Kulkarni,43,Male,Bengaluru,Salary,Mass,200000,792,No,Bill Payment,Debit,Mobile Banking,Utilities,2961.56,Success,,74910.67,0
TXN10000241,2026-07-16 15:09:34,CUST2014,Anil Naidu,31,Male,Delhi,Savings,Affluent,680000,580,Yes,Deposit,Credit,Branch,Not Applicable,6387.27,Success,,96072.45,0
TXN10000242,2026-07-17 11:56:13,CUST2024,Ananya Sharma,26,Female,Kolkata,Savings,Affluent,1020000,778,Yes,Card Purchase,Debit,Online Card,Shopping,5049.55,Success,,408308.8,0
TXN10000243,2026-07-20 02:25:39,CUST2058,Rekha Nair,37,Female,Bengaluru,Salary,Affluent,630000,850,Yes,Loan EMI,Debit,Auto Debit,Not Applicable,10100.0,Success,,90815.96,0
TXN10000244,2026-07-20 09:19:03,CUST2025,Pooja Patel,28,Female,Chennai,Current,Affluent,1060000,708,No,Bill Payment,Debit,UPI,Utilities,496.11,Success,,184770.58,0
TXN10000245,2026-07-21 07:35:11,CUST2056,Ravi Kulkarni,43,Male,Bengaluru,Salary,Mass,200000,792,No,Card Purchase,Debit,POS Terminal,Healthcare,5342.81,Failed,Technical Error,74910.67,0
TXN10000246,2026-07-21 09:11:46,CUST2083,Deepak Sharma,58,Male,Mumbai,Savings,Affluent,640000,812,Yes,Deposit,Credit,ATM,Not Applicable,6584.08,Success,,28137.39,0
TXN10000247,2026-07-21 11:28:29,CUST2064,Riya Kulkarni,40,Female,Hyderabad,Savings,Affluent,1130000,785,Yes,Bill Payment,Debit,Mobile Banking,Utilities,3084.26,Success,,467402.93,0
TXN10000248,2026-07-22 18:43:27,CUST2072,Neha Rao,32,Female,Bengaluru,Savings,Affluent,850000,703,Yes,Cash Withdrawal,Debit,ATM,Not Applicable,22000.0,Success,,42992.83,0
TXN10000249,2026-07-23 13:15:30,CUST2008,Amit Nair,50,Male,Bengaluru,Savings,Affluent,1070000,664,Yes,Fund Transfer,Debit,Branch,Not Applicable,6817.39,Success,,466604.35,0
TXN10000250,2026-07-24 20:19:41,CUST2058,Rekha Nair,37,Female,Bengaluru,Salary,Affluent,630000,850,Yes,Fund Transfer,Debit,Net Banking,Not Applicable,18141.39,Success,,72674.57,0
TXN10000251,2026-07-27 10:23:30,CUST2010,Ananya Iyer,25,Female,Mumbai,Premium Savings,Affluent,1280000,688,Yes,Bill Payment,Debit,Net Banking,Utilities,10837.37,Success,,73032.74,0
TXN10000252,2026-07-28 11:01:23,CUST2032,Riya Singh,38,Female,Bengaluru,Savings,Affluent,630000,701,No,Bill Payment,Debit,Mobile Banking,Utilities,2116.96,Success,,241535.04,0
TXN10000253,2026-07-28 23:06:15,CUST2055,Pooja Rao,26,Female,Bengaluru,Salary,Mass,280000,772,No,Card Purchase,Debit,POS Terminal,Shopping,766.88,Success,,116061.97,0
TXN10000254,2026-07-28 23:37:56,CUST2029,Karthik Gupta,38,Male,Chennai,Salary,Affluent,1350000,654,Yes,UPI Payment,Debit,UPI,Fuel,618.91,Success,,529195.05,0
TXN10000255,2026-08-01 01:59:37,CUST2023,Shreya Naidu,24,Female,Chennai,Salary,Affluent,1500000,754,No,Salary Credit,Credit,Direct Credit,Not Applicable,77776.38,Success,,779006.23,0
TXN10000256,2026-08-01 06:30:30,CUST2036,Aarav Kulkarni,28,Male,Ahmedabad,Premium Savings,Affluent,1260000,666,Yes,Card Purchase,Debit,POS Terminal,Shopping,8932.56,Success,,181139.83,0
TXN10000257,2026-08-01 13:49:32,CUST2083,Deepak Sharma,58,Male,Mumbai,Savings,Affluent,640000,812,Yes,UPI Payment,Debit,UPI,Groceries,877.0,Success,,27260.39,0
TXN10000258,2026-08-03 08:19:48,CUST2061,Arjun Patel,39,Male,Hyderabad,Salary,Affluent,680000,690,Yes,Card Purchase,Debit,POS Terminal,Healthcare,2441.88,Success,,320075.18,0
TXN10000259,2026-08-03 13:24:36,CUST2011,Isha Rao,37,Female,Hyderabad,Salary,Affluent,1160000,629,Yes,Deposit,Credit,Branch,Not Applicable,6864.06,Success,,188916.54,0
TXN10000260,2026-08-04 17:24:18,CUST2006,Sai Mehta,60,Male,Chennai,Salary,Mass,460000,636,Yes,Card Purchase,Debit,Online Card,Groceries,1088.36,Success,,86780.16,0
TXN10000261,2026-08-04 20:05:03,CUST2030,Suresh Patel,44,Male,Bengaluru,Savings,Affluent,1010000,646,No,Deposit,Credit,Mobile Banking,Not Applicable,5882.26,Success,,325086.99,0
TXN10000262,2026-08-08 00:35:54,CUST2024,Ananya Sharma,26,Female,Kolkata,Savings,Affluent,1020000,778,Yes,Loan EMI,Debit,Auto Debit,Not Applicable,14300.0,Success,,394008.8,0
TXN10000263,2026-08-09 12:53:47,CUST2038,Sneha Reddy,24,Female,Mumbai,Salary,Affluent,770000,809,No,UPI Payment,Debit,UPI,Healthcare,699.96,Success,,155965.98,0
TXN10000264,2026-08-11 09:03:31,CUST2043,Nandini Reddy,37,Female,Pune,Savings,Mass,340000,639,No,Bill Payment,Debit,Net Banking,Utilities,1625.58,Success,,120912.88,0
TXN10000265,2026-08-12 11:10:56,CUST2027,Manish Joshi,47,Male,Mumbai,Savings,Mass,300000,719,No,Deposit,Credit,Branch,Not Applicable,4634.22,Success,,119062.93,0
TXN10000266,2026-08-13 18:37:52,CUST2081,Lakshmi Khan,59,Female,Pune,Savings,Affluent,1200000,593,No,UPI Payment,Debit,UPI,Fuel,608.78,Success,,220326.44,0
TXN10000267,2026-08-16 14:33:56,CUST2078,Sunita Naidu,60,Female,Mumbai,Savings,Affluent,960000,694,Yes,Fund Transfer,Debit,Net Banking,Not Applicable,15731.11,Failed,Technical Error,379689.42,0
TXN10000268,2026-08-17 20:55:31,CUST2072,Neha Rao,32,Female,Bengaluru,Savings,Affluent,850000,703,Yes,Cash Withdrawal,Debit,ATM,Not Applicable,6500.0,Success,,36492.83,0
TXN10000269,2026-08-21 09:56:01,CUST2026,Ananya Joshi,30,Female,Pune,Current,Affluent,600000,657,No,Bill Payment,Debit,Mobile Banking,Utilities,1598.49,Success,,82093.04,0
TXN10000270,2026-08-22 13:38:12,CUST2023,Shreya Naidu,24,Female,Chennai,Salary,Affluent,1500000,754,No,Cash Withdrawal,Debit,Branch,Not Applicable,5500.0,Success,,773506.23,0
TXN10000271,2026-08-23 21:35:27,CUST2051,Neha Khan,44,Female,Mumbai,Salary,Affluent,600000,643,No,Bill Payment,Debit,Mobile Banking,Utilities,4034.57,Success,,145848.43,0
TXN10000272,2026-08-24 16:19:26,CUST2026,Ananya Joshi,30,Female,Pune,Current,Affluent,600000,657,No,Cash Withdrawal,Debit,ATM,Not Applicable,16500.0,Success,,65593.04,0
TXN10000273,2026-08-25 03:52:19,CUST2057,Karthik Kulkarni,33,Male,Kolkata,Current,Affluent,1630000,587,No,Cash Withdrawal,Debit,ATM,Not Applicable,69106.95,Failed,Blocked by Fraud Engine,370425.62,1
TXN10000274,2026-08-26 13:55:06,CUST2072,Neha Rao,32,Female,Bengaluru,Savings,Affluent,850000,703,Yes,Deposit,Credit,Branch,Not Applicable,6418.0,Success,,42910.83,0
TXN10000275,2026-08-26 14:45:10,CUST2065,Fatima Joshi,40,Female,Chennai,Salary,Mass,530000,831,No,UPI Payment,Debit,UPI,Education,1174.25,Success,,26159.98,0
TXN10000276,2026-08-26 20:22:32,CUST2060,Imran Menon,40,Male,Pune,Salary,Mass,480000,624,Yes,Deposit,Credit,ATM,Not Applicable,11280.2,Success,,147971.49,0
TXN10000277,2026-08-28 02:49:57,CUST2060,Imran Menon,40,Male,Pune,Salary,Mass,480000,624,Yes,Salary Credit,Credit,Direct Credit,Not Applicable,26189.64,Success,,174161.13,0
TXN10000278,2026-08-29 06:49:29,CUST2061,Arjun Patel,39,Male,Hyderabad,Salary,Affluent,680000,690,Yes,Salary Credit,Credit,Direct Credit,Not Applicable,35583.63,Success,,355658.81,0
TXN10000279,2026-08-29 11:47:15,CUST2026,Ananya Joshi,30,Female,Pune,Current,Affluent,600000,657,No,Card Purchase,Debit,POS Terminal,Shopping,9304.49,Success,,56288.55,0
TXN10000280,2026-08-29 14:15:35,CUST2074,Swathi Rao,51,Female,Jaipur,Current,Affluent,820000,859,Yes,Fund Transfer,Debit,Net Banking,Not Applicable,14450.76,Success,,238972.41,0
TXN10000281,2026-08-31 08:21:32,CUST2079,Kavya Verma,44,Female,Hyderabad,Savings,Affluent,1660000,578,No,UPI Payment,Debit,UPI,Dining,1535.43,Success,,771609.57,0
TXN10000282,2026-09-01 11:49:07,CUST2003,Riya Bose,24,Female,Hyderabad,Savings,Mass,570000,730,No,Card Purchase,Debit,POS Terminal,Dining,6055.66,Success,,172491.04,0
TXN10000283,2026-09-02 07:33:50,CUST2036,Aarav Kulkarni,28,Male,Ahmedabad,Premium Savings,Affluent,1260000,666,Yes,Salary Credit,Credit,Direct Credit,Not Applicable,78102.82,Success,,259242.65,0
TXN10000284,2026-09-03 18:14:24,CUST2057,Karthik Kulkarni,33,Male,Kolkata,Current,Affluent,1630000,587,No,Card Purchase,Debit,POS Terminal,Healthcare,12317.8,Success,,358107.82,0
TXN10000285,2026-09-05 08:21:22,CUST2083,Deepak Sharma,58,Male,Mumbai,Savings,Affluent,640000,812,Yes,Bill Payment,Debit,UPI,Utilities,4184.75,Success,,23075.64,0
TXN10000286,2026-09-05 18:04:11,CUST2039,Pooja Chowdhury,35,Female,Bengaluru,Premium Savings,Premium,4180000,625,No,UPI Payment,Debit,UPI,Fuel,721.54,Success,,439892.87,0
TXN10000287,2026-09-06 12:54:46,CUST2045,Anil Menon,49,Male,Kochi,Savings,Affluent,730000,665,No,Cash Withdrawal,Debit,Branch,Not Applicable,10000.0,Success,,102712.05,0
TXN10000288,2026-09-06 12:55:47,CUST2075,Nikhil Kulkarni,42,Male,Delhi,Savings,Affluent,690000,604,No,Fund Transfer,Debit,Mobile Banking,Not Applicable,4132.59,Success,,99974.74,0
TXN10000289,2026-09-07 12:41:18,CUST2054,Sai Khan,24,Male,Mumbai,Premium Savings,Mass,590000,850,No,Fund Transfer,Debit,Mobile Banking,Not Applicable,7432.57,Success,,331154.79,0
TXN10000290,2026-09-11 12:50:12,CUST2077,Anjali Kulkarni,35,Female,Bengaluru,Salary,Mass,540000,608,No,Bill Payment,Debit,Mobile Banking,Utilities,3580.75,Success,,34201.02,0
TXN10000291,2026-09-13 20:38:16,CUST2079,Kavya Verma,44,Female,Hyderabad,Savings,Affluent,1660000,578,No,Cash Withdrawal,Debit,ATM,Not Applicable,9000.0,Success,,762609.57,0
TXN10000292,2026-09-14 08:55:09,CUST2048,Aarav Das,24,Male,Chennai,Salary,Affluent,1120000,743,No,Deposit,Credit,Mobile Banking,Not Applicable,74717.1,Success,,150678.31,0
TXN10000293,2026-09-15 12:56:41,CUST2013,Suresh Kulkarni,26,Male,Hyderabad,Premium Savings,Premium,1900000,722,No,Cash Withdrawal,Debit,ATM,Not Applicable,15000.0,Success,,284415.07,0
TXN10000294,2026-09-15 17:39:41,CUST2027,Manish Joshi,47,Male,Mumbai,Savings,Mass,300000,719,No,Bill Payment,Debit,Mobile Banking,Utilities,12889.1,Success,,106173.83,0
TXN10000295,2026-09-16 07:31:53,CUST2053,Pooja Verma,25,Female,Chennai,Salary,Mass,430000,663,Yes,UPI Payment,Debit,UPI,Groceries,737.68,Success,,98364.79,0
TXN10000296,2026-09-17 11:54:02,CUST2074,Swathi Rao,51,Female,Jaipur,Current,Affluent,820000,859,Yes,Cash Withdrawal,Debit,ATM,Not Applicable,10000.0,Success,,228972.41,0
TXN10000297,2026-09-17 14:11:29,CUST2049,Rohan Joshi,34,Male,Bengaluru,Salary,Mass,410000,629,No,UPI Payment,Debit,UPI,Entertainment,533.77,Success,,56232.81,0
TXN10000298,2026-09-17 14:16:32,CUST2038,Sneha Reddy,24,Female,Mumbai,Salary,Affluent,770000,809,No,Card Purchase,Debit,POS Terminal,Groceries,2441.64,Success,,153524.34,0
TXN10000299,2026-09-20 17:17:55,CUST2022,Deepak Verma,48,Male,Kolkata,Savings,Mass,300000,710,Yes,UPI Payment,Debit,UPI,Shopping,628.85,Success,,118694.65,0
TXN10000300,2026-09-20 17:31:47,CUST2040,Nikhil Chowdhury,41,Male,Bengaluru,Salary,Mass,490000,735,Yes,UPI Payment,Debit,UPI,Travel,1772.61,Success,,137959.75,0
